14,Plastic Surgery,2
22,Allergy,11
26,Brigham and Women's Primary Physicians 2,16
43,Rheumatology Center,9
16,Rehabilitation Services,42
25,Brigham and Women's Primary Physicians 1,6
63,Orthopaedics Associates,19
6,Emergency Department,41
57,Hand and Upper Extremity Center,32
50,Center for Weight Management and Metabolic Surgery,27
67,Sleep Medicine and Endocrinology Center,27
70,Surgical Specialties,20
8,Laboratory,41
65,Outpatient Infusion Center,31
69,Spine Center,32
55,Foot and Ankle Center,32
20,Roslindale Pediatric Associates,3
36,Medical Specialties,11
24,Breast Center,40
38,Mohs and Dermatologic Surgery,14
44,Social Work,43
30,Geriatrics/Senior Health,11
11,Addiction Recovery Program,42
48,Brigham and Women's Primary Physicians,26
21,Suburban Eye Specialists,4
29,Gastroenterology Associates,7
52,Diabetes Program,27
7,GI Endoscopy,41
5,Dialysis Clinic,37
39,Neurology,12
35,John R. Graham Headache Center,12
66,Psychology - Weight Loss Surgery,20
9,Radiology,41
33,Infectious Diseases,10
47,Brigham Dermatology Associates,23
41,Pulmonary,11
53,Endocrinology,27
61,Nutrition - Weight Loss Surgery,20
68,Sleep Testing Center,29
31,Headache Center,12
12,Otolaryngology,1
54,Family Care Associates,24
71,Vascular Surgery,20
60,Neurosurgery,32
10,Special Testing,41
56,General Surgery,20
45,Urology,11
49,Center for Metabolic Health and Bariatric Surgery,20
28,Gastroenterology,11
59,Inpatient Hemodialysis,31
18,Eye Care Specialists,4
27,Cardiology,11
4,Center for Preoperative Evaluation,41
2,Audiology,41
19,Obstetrics and Gynecology Associates,5
32,Hematology,11
46,Boston ENT Associates,18
37,Men's Health Center,15
34,Interpreter Services,43
62,Nutrition Clinic,17
3,Cardiac Rehabilitation,41
23,Arthritis Center,9
51,Colorectal Surgery,20
13,Physical Therapy,42
64,Orthopedics Center,32
58,ICU,31
40,Neurology/Sleep Division,8
17,Sagoff Breast Imaging and Diagnostic Center,38
15,Psychiatry,42
